"attachment-medium src","brand__img","brand__title","brand__info","js-open-model href","brand__times","brand__times 2","brand__times 3","brand__times 4","brand__times 5","brand__times 6","brand__times 7","brand__info 2","brand__info href","brand__info href 2"
"https://www.chathamdockside.co.uk/wp-content/uploads/2024/05/Unknown.jpeg","<img width=""189"" height=""177"" src=""https://www.chathamdockside.co.uk/wp-content/uploads/2024/05/Unknown.jpeg"" class=""attachment-medium size-medium wp-post-image"" alt="""" decoding=""async"" />","Costa Coffee","7.30 - 19.00 today					()","https://www.chathamdockside.co.uk/waterside/#brand__times-92575","Monday: 7.30 - 19.00","Tuesday: 7.30 - 19.00","Wednesday: 7.30 - 19.00","Thursday: 7.30 - 19.00","Friday: 7.30 - 19.00","Saturday: 7.30 - 19.00","Sunday: 9.00 - 18.00","0333 003 5883","tel:0333 003 5883","https://www.costa.co.uk/"
"https://www.chathamdockside.co.uk/wp-content/uploads/2024/05/image-4.jpeg","<img width=""204"" height=""192"" src=""https://www.chathamdockside.co.uk/wp-content/uploads/2024/05/image-4.jpeg"" class=""attachment-medium size-medium wp-post-image"" alt="""" decoding=""async"" />","Gymfinity Kids","9.00 - 20.00 today					()","https://www.chathamdockside.co.uk/waterside/#brand__times-92591","Monday: 9.00 - 20.00","Tuesday: 10.00 - 20.00","Wednesday: 9.00 - 20.00","Thursday: 10.00 - 20.00","Friday: 10.00 - 19.00","Saturday: 8.00 - 14.00","Sunday: 8.00 - 14.00","01634 557841","tel:01634 557841","https://www.gymfinitykids.com/club/chatham/"
"https://www.chathamdockside.co.uk/wp-content/uploads/2024/05/image.jpeg","<img width=""204"" height=""192"" src=""https://www.chathamdockside.co.uk/wp-content/uploads/2024/05/image.jpeg"" class=""attachment-medium size-medium wp-post-image"" alt="""" decoding=""async"" />","Kaspa’s","12.00 - 21.00 today					()","https://www.chathamdockside.co.uk/waterside/#brand__times-92577","Monday: 12.00 - 21.00","Tuesday: 12.00 - 21.00","Wednesday: 12.00 - 21.00","Thursday: 12.00 - 21.00","Friday: 12.00 - 21.00","Saturday: 12.00 - 21.00","Sunday: 12.00 - 21.00","01634 891006","tel:01634 891006","https://kaspas.co.uk/?y_source=1_NzQ0Njk1NjYtNzE1LWxvY2F0aW9uLndlYnNpdGU%3D"
"data:image/svg+xml;base64,PHN2ZyB4bWxucz0iaHR0cDovL3d3dy53My5vcmcvMjAwMC9zdmciIHdpZHRoPSIyMDQiIGhlaWdodD0iMTkyIiB2aWV3Qm94PSIwIDAgMjA0IDE5MiI+PHJlY3Qgd2lkdGg9IjEwMCUiIGhlaWdodD0iMTAwJSIgc3R5bGU9ImZpbGw6I2NmZDRkYjtmaWxsLW9wYWNpdHk6IDAuMTsiLz48L3N2Zz4=","<img width=""204"" height=""192"" src=""https://www.chathamdockside.co.uk/wp-content/uploads/2024/05/Unknown.png"" class=""attachment-medium size-medium wp-post-image"" alt="""" decoding=""async"" />","KFC","10.30 - 23.00 today					()","https://www.chathamdockside.co.uk/waterside/#brand__times-92579","Monday: 10.30 - 23.00","Tuesday: 10.30 - 23.00","Wednesday: 10.30 - 23.00","Thursday: 10.30 - 23.00","Friday: 10.30 - 23.00","Saturday: 10.30 - 23.00","Sunday: 10.30 - 23.00","01634 891712","tel:01634 891712","https://www.kfc.co.uk/kfc-near-me/chatham-dockside-maritime-way?utm_term=chatham&utm_medium=organic&utm_source=uberall"
"data:image/svg+xml;base64,PHN2ZyB4bWxucz0iaHR0cDovL3d3dy53My5vcmcvMjAwMC9zdmciIHdpZHRoPSIyMDQiIGhlaWdodD0iMTkyIiB2aWV3Qm94PSIwIDAgMjA0IDE5MiI+PHJlY3Qgd2lkdGg9IjEwMCUiIGhlaWdodD0iMTAwJSIgc3R5bGU9ImZpbGw6I2NmZDRkYjtmaWxsLW9wYWNpdHk6IDAuMTsiLz48L3N2Zz4=","<img width=""204"" height=""192"" src=""https://www.chathamdockside.co.uk/wp-content/uploads/2024/05/image-1.jpeg"" class=""attachment-medium size-medium wp-post-image"" alt="""" decoding=""async"" />","Nando’s","11.30 - 22.00 today					()","https://www.chathamdockside.co.uk/waterside/#brand__times-92581","Monday: 11.30 - 22.00","Tuesday: 11.30 - 22.00","Wednesday: 11.30 - 22.00","Thursday: 11.30 - 22.00","Friday: 11.30 - 22.00","Saturday: 11.30 - 22.00","Sunday: 11.30 - 22.00","01634 890357","tel:01634 890357","https://www.nandos.co.uk/restaurants/chatham?utm_campaign=websitecta_NA&utm_content=Multi-Chan_GB_NA_NA_NA_all_NA_NA_chatham&utm_medium=mybusiness&utm_source=google&utm_term=Local"
"data:image/svg+xml;base64,PHN2ZyB4bWxucz0iaHR0cDovL3d3dy53My5vcmcvMjAwMC9zdmciIHdpZHRoPSIyMDQiIGhlaWdodD0iMTkyIiB2aWV3Qm94PSIwIDAgMjA0IDE5MiI+PHJlY3Qgd2lkdGg9IjEwMCUiIGhlaWdodD0iMTAwJSIgc3R5bGU9ImZpbGw6I2NmZDRkYjtmaWxsLW9wYWNpdHk6IDAuMTsiLz48L3N2Zz4=","<img width=""204"" height=""192"" src=""https://www.chathamdockside.co.uk/wp-content/uploads/2024/05/image-3.jpeg"" class=""attachment-medium size-medium wp-post-image"" alt="""" decoding=""async"" />","Ninja Warrior","9.30 - 19.00 today					()","https://www.chathamdockside.co.uk/waterside/#brand__times-92589","Monday: 9.30 - 19.00","Tuesday: Closed","Wednesday: 9.30 - 19.00","Thursday: 9.30 - 19.00","Friday: 9.30 - 20.00","Saturday: 9.30 - 20.00","Sunday: 9.30 - 19.00","01634 790602","tel: 01634 790602","https://ninjawarrioruk.co.uk/chatham/"
"data:image/svg+xml;base64,PHN2ZyB4bWxucz0iaHR0cDovL3d3dy53My5vcmcvMjAwMC9zdmciIHdpZHRoPSIyMDQiIGhlaWdodD0iMTkyIiB2aWV3Qm94PSIwIDAgMjA0IDE5MiI+PHJlY3Qgd2lkdGg9IjEwMCUiIGhlaWdodD0iMTAwJSIgc3R5bGU9ImZpbGw6I2NmZDRkYjtmaWxsLW9wYWNpdHk6IDAuMTsiLz48L3N2Zz4=","<img width=""204"" height=""192"" src=""https://www.chathamdockside.co.uk/wp-content/uploads/2024/05/image-4.png"" class=""attachment-medium size-medium wp-post-image"" alt="""" decoding=""async"" />","Odeon","See website for more details today					()","https://www.chathamdockside.co.uk/waterside/#brand__times-92598","Monday: See website for more details","Tuesday: See website for more details","Wednesday: See website for more details","Thursday: See website for more details","Friday: See website for more details","Saturday: See website for more details","Sunday: See website for more details","0333 014 4501","tel:0333 014 4501","https://www.odeon.co.uk/cinemas/chatham/"
"data:image/svg+xml;base64,PHN2ZyB4bWxucz0iaHR0cDovL3d3dy53My5vcmcvMjAwMC9zdmciIHdpZHRoPSIyMDQiIGhlaWdodD0iMTkyIiB2aWV3Qm94PSIwIDAgMjA0IDE5MiI+PHJlY3Qgd2lkdGg9IjEwMCUiIGhlaWdodD0iMTAwJSIgc3R5bGU9ImZpbGw6I2NmZDRkYjtmaWxsLW9wYWNpdHk6IDAuMTsiLz48L3N2Zz4=","<img width=""204"" height=""192"" src=""https://www.chathamdockside.co.uk/wp-content/uploads/2024/05/image.png"" class=""attachment-medium size-medium wp-post-image"" alt="""" decoding=""async"" />","Pizza Hut","11.00 - 22.00 today					()","https://www.chathamdockside.co.uk/waterside/#brand__times-92585","Monday: 11.00 - 22.00","Tuesday: 11.00 - 22.00","Wednesday: 11.00 - 22.00","Thursday: 11.00 - 22.00","Friday: 11.00 - 23.00","Saturday: 11.00 - 23.00","Sunday: 12.00 - 22.00","01634 890444","tel:01634 890444","https://www.pizzahut.co.uk/restaurants/find/details/chatham"
"data:image/svg+xml;base64,PHN2ZyB4bWxucz0iaHR0cDovL3d3dy53My5vcmcvMjAwMC9zdmciIHdpZHRoPSIyMDQiIGhlaWdodD0iMTkyIiB2aWV3Qm94PSIwIDAgMjA0IDE5MiI+PHJlY3Qgd2lkdGg9IjEwMCUiIGhlaWdodD0iMTAwJSIgc3R5bGU9ImZpbGw6I2NmZDRkYjtmaWxsLW9wYWNpdHk6IDAuMTsiLz48L3N2Zz4=","<img width=""204"" height=""192"" src=""https://www.chathamdockside.co.uk/wp-content/uploads/2024/05/image-1.png"" class=""attachment-medium size-medium wp-post-image"" alt="""" decoding=""async"" />","PureGym","Open 24 Hours today					()","https://www.chathamdockside.co.uk/waterside/#brand__times-92587","Monday: Open 24 Hours","Tuesday: Open 24 Hours","Wednesday: Open 24 Hours","Thursday: Open 24 Hours","Friday: Open 24 Hours","Saturday: Open 24 Hours","Sunday: Open 24 Hours","0344 477 0005","tel:0344 477 0005","https://www.puregym.com/gyms/chatham/?utm_source=local&utm_campaign=local_search-chatham-&utm_medium=organic"
"data:image/svg+xml;base64,PHN2ZyB4bWxucz0iaHR0cDovL3d3dy53My5vcmcvMjAwMC9zdmciIHdpZHRoPSIxOTYiIGhlaWdodD0iMTg1IiB2aWV3Qm94PSIwIDAgMTk2IDE4NSI+PHJlY3Qgd2lkdGg9IjEwMCUiIGhlaWdodD0iMTAwJSIgc3R5bGU9ImZpbGw6I2NmZDRkYjtmaWxsLW9wYWNpdHk6IDAuMTsiLz48L3N2Zz4=","<img width=""196"" height=""185"" src=""https://www.chathamdockside.co.uk/wp-content/uploads/2024/05/image-2.jpeg"" class=""attachment-medium size-medium wp-post-image"" alt="""" decoding=""async"" />","Subway","8.00 - 21.30 today					()","https://www.chathamdockside.co.uk/waterside/#brand__times-92583","Monday: 8.00 - 21.30","Tuesday: 8.00 - 21.30","Wednesday: 8.00 - 21.30","Thursday: 8.00 - 21.30","Friday: 8.00 - 21.30","Saturday: 8.00 - 21.30","Sunday: 8.00 - 21.30","01634 891024","tel: 01634 891024","https://restaurants.subway.com/united-kingdom/en/chatham/4-leviathan-way?utm_source=yxt-goog&utm_medium=local&utm_term=acq&utm_content=39952&utm_campaign=evergreen-2020"
"data:image/svg+xml;base64,PHN2ZyB4bWxucz0iaHR0cDovL3d3dy53My5vcmcvMjAwMC9zdmciIHdpZHRoPSIyMDQiIGhlaWdodD0iMTkyIiB2aWV3Qm94PSIwIDAgMjA0IDE5MiI+PHJlY3Qgd2lkdGg9IjEwMCUiIGhlaWdodD0iMTAwJSIgc3R5bGU9ImZpbGw6I2NmZDRkYjtmaWxsLW9wYWNpdHk6IDAuMTsiLz48L3N2Zz4=","<img width=""204"" height=""192"" src=""https://www.chathamdockside.co.uk/wp-content/uploads/2024/05/image-2.png"" class=""attachment-medium size-medium wp-post-image"" alt="""" decoding=""async"" />","Wagamama","11.00 - 22.00 today					()","https://www.chathamdockside.co.uk/waterside/#brand__times-92593","Monday: 11.00 - 22.00","Tuesday: 11.00 - 22.00","Wednesday: 11.00 - 22.00","Thursday: 11.00 - 22.00","Friday: 11.00 - 23.00","Saturday: 11.00 - 23.00","Sunday: 11.00 - 22.00","01634 558082","tel:01634 558082","https://www.wagamama.com/restaurants/chatham/chathammaritime"
"data:image/svg+xml;base64,PHN2ZyB4bWxucz0iaHR0cDovL3d3dy53My5vcmcvMjAwMC9zdmciIHdpZHRoPSIyMDQiIGhlaWdodD0iMTkyIiB2aWV3Qm94PSIwIDAgMjA0IDE5MiI+PHJlY3Qgd2lkdGg9IjEwMCUiIGhlaWdodD0iMTAwJSIgc3R5bGU9ImZpbGw6I2NmZDRkYjtmaWxsLW9wYWNpdHk6IDAuMTsiLz48L3N2Zz4=","<img width=""204"" height=""192"" src=""https://www.chathamdockside.co.uk/wp-content/uploads/2024/05/image-3.png"" class=""attachment-medium size-medium wp-post-image"" alt="""" decoding=""async"" />","Zizzi","11.30 - 22.00 today					()","https://www.chathamdockside.co.uk/waterside/#brand__times-92596","Monday: 11.30 - 22.00","Tuesday: 11.30 - 22.00","Wednesday: 11.30 - 22.00","Thursday: 11.30 - 22.00","Friday: 11.30 - 22.30","Saturday: 11.30 - 22.30","Sunday: 11.30 - 22.00","01634 963353","tel:01634 963353","https://www.zizzi.co.uk/?utm_source=google&utm_medium=organic&utm_campaign=panel"